,crash_pred
0,Low
1,Medium
2,Medium
3,Medium
4,Low
5,Low
6,Medium
7,Low
8,Low
9,Low
10,Medium
11,Medium
12,High
13,Low
14,Low
15,Medium
16,Low
17,Low
18,Low
19,Low
20,Medium
21,Low
22,Low
23,Low
24,Low
25,Medium
26,Medium
27,Low
28,Low
29,Medium
30,Low
31,Medium
32,High
33,Medium
34,Low
35,Medium
36,Medium
37,Low
38,Medium
39,Medium
40,Low
41,Low
42,Low
43,Low
44,Low
45,Low
46,High
47,Medium
48,Low
49,Medium
50,High
51,Low
52,Low
53,Medium
54,Medium
55,Medium
56,Low
57,Medium
58,Medium
59,Low
60,Low
61,Low
62,Low
63,Medium
64,Medium
65,Medium
66,High
67,Low
68,Low
69,Medium
70,Low
71,Low
72,Low
73,Medium
74,Medium
75,Medium
76,Low
77,Medium
78,Medium
79,Medium
80,Medium
81,Medium
82,Medium
83,Low
84,Medium
85,Medium
86,Medium
87,Low
88,Medium
89,Medium
90,Low
91,Low
92,High
93,Medium
94,Medium
95,Medium
96,High
97,Low
98,Low
99,Medium
100,Medium
101,Medium
102,Medium
103,Medium
104,Low
105,Low
106,Low
107,Medium
108,Low
109,Medium
110,Low
111,Medium
112,Low
113,Low
114,Medium
115,Medium
116,Low
117,Medium
118,Medium
119,Low
120,Medium
121,High
122,Low
123,Low
124,Medium
125,Low
126,Low
127,Low
128,Low
129,Low
130,Low
131,Low
132,Low
133,High
134,Medium
135,Low
136,Medium
137,Low
138,Low
139,High
140,Low
141,Medium
142,Low
143,Low
144,Medium
145,High
146,Medium
147,Low
148,Medium
149,Medium
150,High
151,High
152,High
153,Low
154,Medium
155,Low
156,Low
157,Low
158,Low
159,Medium
160,Medium
161,Medium
162,Low
163,Medium
164,Low
165,Low
166,Low
167,Low
168,Low
169,Medium
170,Low
171,Low
172,Medium
173,Low
174,Medium
175,Low
176,Medium
177,Low
178,Medium
179,Low
180,Medium
181,Low
182,Medium
183,Low
184,Low
185,Low
186,Low
187,Medium
188,Medium
189,Low
190,Medium
191,Medium
192,Medium
193,Medium
194,Low
195,Medium
196,Medium
197,Low
198,Low
199,Medium
200,Medium
201,Medium
202,Medium
203,Low
204,Medium
205,Low
206,Medium
207,Medium
208,Low
209,High
210,Medium
211,Medium
212,High
213,Low
214,Low
215,Low
216,Low
217,Medium
218,Medium
219,Medium
220,High
221,Low
222,Low
223,Medium
224,Medium
225,Medium
226,Medium
227,Medium
228,Low
229,Medium
230,Low
231,Low
232,Medium
233,Low
234,Low
235,Low
236,High
237,High
238,High
239,Medium
240,Low
241,Low
242,Medium
243,Medium
244,Low
245,Low
246,Low
247,Medium
248,Low
249,Medium
250,Low
251,High
252,Low
253,Low
254,Medium
255,Medium
256,Medium
257,Low
258,High
259,Medium
260,Low
261,Low
262,Medium
263,Low
264,Medium
265,Low
266,High
267,Medium
268,Medium
269,Medium
270,Medium
271,Medium
272,Low
273,Low
274,Low
275,Low
276,Medium
277,Low
278,Medium
279,Low
280,Medium
281,Low
282,Low
283,High
284,Low
285,High
286,Medium
287,Medium
288,Low
289,Low
290,Low
291,High
292,Medium
293,Low
294,Medium
295,Medium
296,Low
297,Medium
298,Low
299,Low
300,Medium
301,Low
302,Low
303,Medium
304,Low
305,Medium
306,Medium
307,High
308,Low
309,Low
310,Low
311,Medium
312,Medium
313,Medium
314,Medium
315,Medium
316,Low
317,Low
318,Low
319,Medium
320,Medium
321,Medium
322,Medium
323,High
324,High
325,Low
326,Low
327,Medium
328,High
329,Low
330,High
331,Low
332,Low
333,Low
334,Low
335,Medium
336,Low
337,High
338,Low
339,Medium
340,Medium
341,Low
342,Low
343,Low
344,Low
345,Medium
346,High
347,Low
348,Medium
349,Low
350,Low
351,Medium
352,Medium
353,Medium
354,Low
355,Medium
356,Medium
357,Low
358,Low
359,Low
360,Medium
361,Low
362,Medium
363,Low
364,Low
365,High
366,Medium
367,High
368,Low
369,High
370,Low
371,Low
372,Medium
373,Low
374,Medium
375,Low
376,Medium
377,Medium
378,Low
379,Medium
380,Medium
381,Low
382,Medium
383,Medium
384,High
385,Medium
386,Low
387,Medium
388,Low
389,Low
390,Medium
391,Low
392,Medium
393,Medium
394,Low
395,Low
396,Medium
397,Low
398,Medium
399,Medium
400,Medium
401,High
402,Medium
403,Medium
404,Low
405,Low
406,Medium
407,Medium
408,Low
409,High
410,Low
411,Medium
412,Low
413,Medium
414,High
415,Medium
416,Low
417,Medium
418,Medium
419,Low
420,High
421,Low
422,Medium
423,Medium
424,Medium
425,Medium
426,Low
427,Medium
428,Low
429,Medium
430,Medium
431,Medium
432,Medium
433,Medium
434,Medium
435,Medium
436,Low
437,Low
438,Low
439,Medium
440,Low
441,Medium
442,Low
443,Low
444,Low
445,Medium
446,High
447,Low
448,Medium
449,Low
450,Medium
451,High
452,Low
453,Medium
454,Low
455,Low
456,Medium
457,Low
458,High
459,Low
460,Low
461,Medium
462,Medium
463,Low
464,Low
465,Low
466,Low
467,High
468,High
469,Medium
470,Medium
471,Medium
472,Medium
473,Low
474,Low
475,High
476,Low
477,Low
478,Low
479,Medium
480,High
481,Low
482,Low
483,Low
484,Low
485,Low
486,Medium
487,Medium
488,Low
489,Medium
490,High
491,Medium
492,Low
493,High
494,Medium
495,Low
496,Medium
497,Low
498,Low
499,Low
500,Low
501,High
502,Low
503,Medium
504,Low
505,Low
506,High
507,High
508,Medium
509,Medium
510,Medium
511,Low
512,Medium
513,Medium
514,Low
515,Medium
516,High
517,High
518,Low
519,Medium
520,Low
521,Low
522,High
523,Medium
524,High
525,Low
526,Low
527,Low
528,Low
529,Medium
530,Low
531,Low
532,Low
533,Low
534,Medium
535,Low
536,Low
537,High
538,Medium
539,Low
540,Low
541,Low
542,Medium
543,Low
544,Medium
545,Low
546,Low
547,Medium
548,Medium
549,Medium
550,Low
551,High
552,Low
553,Low
554,Medium
555,Low
556,Low
557,Medium
558,Medium
559,Low
560,Low
561,High
562,Medium
563,High
564,Low
565,Medium
566,Low
567,Low
568,Medium
569,Medium
570,Medium
571,Low
572,Medium
573,Medium
574,Low
575,Low
576,Medium
577,Low
578,Medium
579,High
580,Medium
581,Low
582,Low
583,Low
584,Medium
585,Low
586,Medium
587,High
588,Low
589,Low
590,Low
591,Medium
592,Low
593,Medium
594,Low
595,Medium
596,Low
597,Low
598,Low
599,High
600,Low
601,Low
602,Low
603,Medium
604,Medium
605,Low
606,Low
607,Medium
608,Low
609,Low
610,Low
611,Low
612,Low
613,Low
614,High
615,Medium
616,Low
617,Low
618,Low
619,Low
620,Low
621,High
622,Low
623,Low
624,Medium
625,Low
626,Medium
627,Medium
628,High
629,Medium
630,Low
631,Medium
632,Medium
633,High
634,Low
635,High
636,Medium
637,Low
638,Low
639,Low
640,Low
641,Low
642,Medium
643,Low
644,Medium
645,Medium
646,Medium
647,Medium
648,Medium
649,Low
650,Medium
651,Low
652,Medium
653,Medium
654,High
655,Low
656,High
657,High
658,Medium
659,Low
660,Low
661,Low
662,Low
663,Medium
664,Medium
665,High
666,Medium
667,Medium
668,Medium
669,Medium
670,Medium
671,Medium
672,Low
673,Low
674,Medium
675,High
676,Low
677,Medium
678,Low
679,Medium
680,Medium
681,Low
682,Low
683,Medium
684,Low
685,Low
686,Low
687,Medium
688,Low
689,Low
690,High
691,Low
692,High
693,Low
694,High
695,Medium
696,Medium
697,Low
698,Medium
699,Low
700,Medium
701,Medium
702,Medium
703,Low
704,Low
705,High
706,Low
707,Low
708,Medium
709,Low
710,Low
711,High
712,Low
713,Low
714,Medium
715,Low
716,Medium
717,Low
718,Medium
719,Low
720,Low
721,Low
722,Low
723,Low
724,Low
725,Medium
726,Medium
727,Medium
728,Medium
729,Medium
730,Low
731,Low
732,Low
733,Medium
734,Medium
735,Low
736,Low
737,Low
738,Low
739,Low
740,Medium
741,Low
742,High
743,Medium
744,Low
745,Low
746,High
747,Medium
748,High
749,Medium
750,Low
751,Medium
752,High
753,Medium
754,Medium
755,Medium
756,Low
757,Low
758,Medium
759,Medium
760,Low
761,Low
762,Medium
763,Low
764,Medium
765,Low
766,Medium
767,Low
768,Low
769,Low
770,Medium
771,Low
772,Low
773,Medium
774,Medium
775,Low
776,Low
777,Medium
778,Low
779,Low
780,Medium
781,Low
782,Low
783,Medium
784,High
785,Low
786,Low
787,Low
788,Medium
789,Medium
790,Low
791,Low
792,High
793,High
794,Low
795,High
796,Medium
797,Medium
798,Medium
799,Low
800,Medium
801,Low
802,Low
803,Low
804,Low
805,Low
806,Low
807,Medium
808,Low
809,Low
810,Medium
811,Low
812,Low
813,Low
814,High
815,Medium
816,Low
817,Low
818,Medium
819,Medium
820,High
821,Medium
822,Medium
823,Low
824,Medium
825,Medium
826,Low
827,High
828,Low
829,Low
830,Medium
831,Low
832,Medium
833,Medium
834,Low
835,Low
836,Medium
837,Low
838,Low
839,Low
840,Low
841,Medium
842,Low
843,Medium
844,Low
845,High
846,Medium
847,Low
848,Medium
849,Low
850,Medium
851,Medium
852,Medium
853,Medium
854,Low
855,High
856,Medium
857,Low
858,Low
859,High
860,Medium
861,Low
862,Low
863,Low
864,Medium
865,Low
866,High
867,Low
868,Medium
869,Medium
870,Medium
871,Low
872,Low
873,Low
874,Low
875,Medium
876,Medium
877,Medium
878,Medium
879,Medium
880,Medium
881,Low
882,Low
883,Low
884,Low
885,Medium
886,Low
887,Low
888,Low
889,Low
890,Medium
891,Low
892,Low
893,Medium
894,Medium
895,Medium
896,Medium
897,High
898,Medium
899,Low
900,Low
901,Low
902,High
903,Low
904,Medium
905,Low
906,Low
907,High
908,High
909,Medium
910,Medium
911,High
912,Medium
913,Low
914,Low
915,Medium
916,Medium
917,High
918,High
919,Medium
920,Low
921,Medium
922,Low
923,Low
924,Medium
925,Low
926,High
927,Low
928,Low
929,Low
930,Low
931,High
932,Medium
933,Low
934,Low
935,Low
936,Medium
937,Low
938,Low
939,Low
940,Medium
941,Low
942,Low
943,Medium
944,Medium
945,High
946,Low
947,Medium
948,Medium
949,Low
950,Medium
951,Medium
952,Medium
953,High
954,Low
955,Medium
956,Medium
957,Low
958,Low
959,Low
960,Low
961,Medium
962,Medium
963,Low
964,High
965,Low
966,Low
967,Medium
968,Medium
969,Medium
970,Low
971,Low
972,Low
973,Medium
974,Low
975,Medium
976,Medium
977,Medium
978,High
979,Medium
980,Low
981,High
982,Low
983,Medium
984,Low
985,High
986,Medium
987,Medium
988,High
989,Medium
990,Low
991,Low
992,Medium
993,Low
994,Medium
995,Medium
996,Medium
997,Low
998,Medium
999,High
1000,Low
1001,Low
1002,Medium
1003,Low
1004,Low
1005,Medium
1006,Medium
1007,Low
1008,Low
1009,Medium
1010,Medium
1011,Low
1012,Medium
1013,Low
1014,Low
1015,High
1016,Medium
1017,High
1018,Low
1019,Low
1020,Medium
1021,Low
1022,High
1023,Medium
1024,Medium
1025,Medium
1026,Medium
1027,Low
1028,Medium
1029,Low
1030,High
1031,Medium
1032,Medium
1033,Low
1034,Low
1035,Low
1036,Medium
1037,Medium
1038,Medium
1039,Low
1040,Low
1041,High
1042,Low
1043,Low
1044,Medium
1045,Low
1046,Low
1047,Low
1048,Medium
1049,Low
1050,Low
1051,Low
1052,Low
1053,Low
1054,Low
1055,Low
1056,Low
1057,Low
1058,Medium
1059,Medium
1060,Low
1061,Low
1062,Medium
1063,Medium
1064,Low
1065,Low
1066,Low
1067,Medium
1068,High
1069,Medium
1070,Medium
1071,Low
1072,Low
1073,Low
1074,Low
1075,Low
1076,Low
1077,Medium
1078,Low
1079,Medium
1080,Low
1081,Medium
1082,Medium
1083,Medium
1084,Low
1085,Low
1086,Low
1087,Low
1088,Medium
1089,Low
1090,Low
1091,High
1092,Medium
1093,Medium
1094,Medium
1095,Low
1096,High
1097,Low
1098,Low
1099,Medium
1100,Low
1101,Low
1102,Low
1103,High
1104,Medium
1105,Low
1106,Low
1107,Medium
1108,Low
1109,Medium
1110,Medium
1111,Medium
1112,Medium
1113,Low
1114,High
1115,Low
1116,High
1117,Low
1118,Medium
1119,Medium
1120,Low
1121,Low
1122,Low
1123,Medium
1124,Medium
1125,Medium
1126,Medium
1127,Low
1128,Medium
1129,Low
1130,Low
1131,Low
1132,High
1133,Low
1134,Low
1135,Medium
1136,Low
1137,Medium
1138,Low
1139,Low
1140,Medium
1141,High
1142,Low
1143,Medium
1144,Medium
1145,Medium
1146,Medium
1147,Low
1148,Low
1149,Medium
1150,Low
1151,Low
1152,Medium
1153,Medium
1154,Medium
1155,Low
1156,Low
1157,Medium
1158,Medium
1159,Medium
1160,Low
1161,Medium
1162,Medium
1163,Low
1164,High
1165,Low
1166,Medium
1167,Medium
1168,Medium
1169,High
1170,Medium
1171,Medium
1172,Low
1173,Medium
1174,Low
1175,Low
1176,Medium
1177,Medium
1178,Medium
1179,Medium
1180,High
1181,Low
1182,Medium
1183,Low
1184,Low
1185,Medium
1186,Medium
1187,High
1188,Low
1189,Low
1190,Low
1191,Low
1192,Low
1193,Medium
1194,Low
1195,Medium
1196,Medium
1197,Low
1198,Medium
1199,Low
1200,Low
1201,Low
1202,High
1203,Medium
1204,Medium
1205,Medium
1206,Medium
1207,Low
1208,Medium
1209,Low
1210,Low
1211,Low
1212,Low
1213,Low
1214,Low
1215,Medium
1216,Medium
1217,Low
1218,Medium
1219,Low
1220,Medium
1221,Low
1222,Low
1223,Medium
1224,Medium
1225,Medium
1226,High
1227,Low
1228,Low
1229,Low
1230,Medium
1231,High
1232,Low
1233,Low
1234,Medium
1235,Medium
1236,High
1237,Low
1238,Low
1239,Medium
1240,Medium
1241,Medium
1242,Low
1243,Low
1244,Medium
1245,Medium
1246,Low
1247,Low
1248,Medium
1249,Medium
1250,Low
1251,Medium
1252,Medium
1253,Low
1254,Medium
1255,Low
1256,Low
1257,Low
1258,Low
1259,Medium
1260,Medium
1261,Medium
1262,Medium
1263,Medium
1264,Medium
1265,Medium
1266,Low
1267,Low
1268,Medium
1269,Low
1270,Medium
1271,Medium
1272,Medium
1273,Medium
1274,Medium
1275,Medium
1276,Medium
1277,Low
1278,Medium
1279,Low
1280,High
1281,Low
1282,Low
1283,Low
1284,Low
1285,Medium
1286,Medium
1287,Low
1288,Low
1289,Low
1290,Low
1291,Medium
1292,Low
1293,Low
1294,Low
1295,Medium
1296,High
1297,Medium
1298,Low
1299,Low
1300,Low
1301,High
1302,High
1303,Medium
1304,High
1305,Low
1306,Medium
1307,Low
1308,Medium
1309,Medium
1310,Medium
1311,Low
1312,Low
1313,Low
1314,Medium
1315,Low
1316,Low
1317,Medium
1318,Medium
1319,High
1320,Low
1321,Low
1322,High
1323,Medium
1324,Low
1325,Medium
1326,Medium
1327,Low
1328,Medium
1329,Low
1330,Low
1331,Medium
1332,Medium
1333,Low
1334,Low
1335,Medium
1336,High
1337,Medium
1338,High
1339,Low
1340,Medium
1341,Low
1342,Low
1343,Low
1344,Low
1345,Low
1346,Medium
1347,Low
1348,Medium
1349,Medium
1350,Low
1351,Medium
1352,Medium
1353,Medium
1354,Low
1355,Medium
1356,Low
1357,Low
1358,Low
1359,High
1360,Low
1361,High
1362,Medium
1363,Low
1364,Medium
1365,Medium
1366,High
1367,Low
1368,High
1369,Low
1370,Medium
1371,Low
1372,Low
1373,Low
1374,Medium
1375,Low
1376,High
1377,Low
1378,Medium
1379,Medium
1380,Medium
1381,Low
1382,Medium
1383,Low
1384,High
1385,Medium
1386,Low
1387,Medium
1388,Medium
1389,Low
1390,Low
1391,Low
1392,Low
1393,Low
1394,Low
1395,Medium
1396,High
1397,Low
1398,Low
1399,High
1400,Medium
1401,Low
1402,Medium
1403,Low
1404,Low
1405,Low
1406,High
1407,Low
1408,Medium
1409,Medium
1410,Medium
1411,Low
1412,Low
1413,Medium
1414,Medium
1415,Low
1416,Medium
1417,Medium
1418,Medium
1419,Low
1420,Low
1421,Low
1422,Low
1423,Low
1424,Low
1425,High
1426,Medium
1427,Low
1428,Medium
1429,Medium
1430,Medium
1431,Medium
1432,Medium
1433,High
1434,Low
1435,Low
1436,Medium
1437,High
1438,High
1439,Low
1440,Medium
1441,Medium
1442,Medium
1443,Medium
1444,High
1445,Medium
1446,Medium
1447,High
1448,Low
1449,Medium
1450,Medium
1451,Medium
1452,Low
1453,Low
1454,Low
1455,High
1456,Medium
1457,Low
1458,Low
1459,Medium
1460,Low
1461,Low
1462,Medium
1463,Medium
1464,Low
1465,High
1466,High
1467,Medium
1468,Low
1469,Low
1470,Low
1471,Medium
1472,Low
1473,Medium
1474,Medium
1475,Low
1476,Low
1477,High
1478,High
1479,Medium
1480,Medium
1481,Low
1482,Medium
1483,Low
1484,Low
1485,Low
1486,Medium
1487,Medium
1488,Low
1489,Low
1490,Medium
1491,High
1492,Medium
1493,High
1494,Low
1495,Low
1496,Medium
1497,Medium
1498,Low
1499,Medium
1500,Medium
1501,Low
1502,High
1503,Medium
1504,Medium
1505,Medium
1506,Low
1507,Medium
1508,High
1509,High
1510,Medium
1511,High
1512,Low
1513,Low
1514,Low
1515,Medium
1516,Medium
1517,Medium
1518,Low
1519,Medium
1520,High
1521,Medium
1522,Medium
1523,Medium
1524,Low
1525,Medium
1526,Medium
1527,Low
1528,Low
1529,Low
1530,Low
1531,Medium
1532,Medium
1533,Low
1534,Medium
1535,High
1536,Medium
1537,Low
1538,Medium
1539,Medium
1540,Medium
1541,Medium
1542,Medium
1543,Low
1544,Medium
1545,Medium
1546,Medium
1547,Medium
1548,Low
1549,Medium
1550,Low
1551,Medium
1552,Medium
1553,Medium
1554,Low
1555,Low
1556,High
1557,Medium
1558,Low
1559,Low
1560,Medium
1561,Medium
1562,Medium
1563,Low
1564,Medium
1565,Low
1566,Medium
1567,Low
1568,Medium
1569,Medium
1570,Medium
1571,Low
1572,Medium
1573,Low
1574,Medium
1575,Medium
1576,Low
1577,High
1578,Medium
1579,Medium
1580,Low
1581,Low
1582,Medium
1583,Medium
1584,Medium
1585,High
1586,Medium
1587,Medium
1588,Low
1589,Medium
1590,Low
1591,Low
1592,Medium
1593,Low
1594,Medium
1595,Medium
1596,Low
1597,High
1598,Low
1599,Medium
1600,Medium
1601,Medium
1602,Medium
1603,Low
1604,High
1605,Low
1606,Low
1607,Medium
1608,Low
1609,Low
1610,Medium
1611,Low
1612,Medium
1613,Low
1614,Medium
1615,Medium
1616,Medium
1617,Medium
1618,Medium
1619,Low
1620,Low
1621,Medium
1622,Low
1623,Low
1624,Low
1625,Low
1626,Low
1627,Low
1628,Medium
1629,High
1630,Low
1631,Medium
1632,Low
1633,Low
1634,High
1635,Low
1636,Low
1637,Medium
1638,Low
1639,Low
1640,Medium
1641,Low
1642,Medium
1643,Medium
1644,Low
1645,Low
1646,Medium
1647,Medium
1648,Low
1649,Medium
1650,Low
1651,Medium
1652,High
1653,Medium
1654,Low
1655,Medium
1656,Medium
1657,Low
1658,Medium
1659,Low
1660,Low
1661,Medium
1662,Low
1663,Medium
1664,Medium
1665,Low
1666,Low
1667,Medium
1668,Low
1669,Medium
1670,High
1671,Low
1672,Low
1673,Low
1674,Low
1675,Low
1676,Low
1677,High
1678,Medium
1679,High
1680,High
1681,Low
1682,Medium
1683,Medium
1684,Medium
1685,Medium
1686,Medium
1687,Medium
1688,Medium
1689,Medium
1690,Medium
1691,Medium
1692,Low
1693,Medium
1694,Medium
1695,Low
1696,High
1697,Low
1698,Medium
1699,Low
1700,Low
1701,Medium
1702,Medium
1703,Low
1704,High
1705,High
1706,Medium
1707,Low
1708,Low
1709,Medium
1710,Medium
1711,Medium
1712,Low
1713,Low
1714,Medium
1715,Low
1716,Low
1717,Low
1718,High
1719,High
1720,Medium
1721,Low
1722,High
1723,Low
1724,Low
1725,Low
1726,Medium
1727,Low
1728,Medium
1729,Low
1730,Low
1731,Low
1732,Low
1733,Low
1734,Low
1735,High
1736,Medium
1737,Medium
1738,Low
1739,Medium
1740,Low
1741,Medium
1742,Medium
1743,Low
1744,Low
1745,Low
1746,Low
1747,Medium
1748,Medium
1749,Low
1750,Low
1751,Low
1752,Medium
1753,Low
1754,Low
1755,Low
1756,Medium
1757,Low
1758,Low
1759,Medium
1760,High
1761,Medium
1762,Low
1763,Medium
1764,Medium
1765,Low
1766,Medium
1767,Low
1768,Low
1769,Low
1770,Low
1771,Medium
1772,Medium
1773,Low
1774,Low
1775,Low
1776,Low
1777,Medium
1778,Medium
1779,Medium
1780,Medium
1781,Low
1782,Low
1783,Medium
1784,Low
1785,Low
1786,Medium
1787,Medium
1788,Low
1789,Low
1790,Low
1791,Low
1792,Low
1793,Medium
1794,Medium
1795,Medium
1796,Low
1797,Low
1798,Low
1799,Low
1800,Low
1801,Low
1802,Low
1803,Low
1804,High
1805,Medium
1806,Medium
1807,Low
1808,Medium
1809,High
1810,Low
1811,Medium
1812,High
1813,Medium
1814,High
1815,Low
1816,Medium
1817,Medium
1818,Medium
1819,High
1820,Medium
1821,Low
1822,Medium
1823,Medium
1824,High
1825,Low
1826,Low
1827,Low
1828,Low
1829,Medium
1830,Medium
1831,High
1832,High
1833,Medium
1834,Medium
1835,Low
1836,Low
1837,Medium
1838,Low
1839,Low
1840,Low
1841,Medium
1842,Low
1843,High
1844,Medium
1845,Low
1846,Medium
1847,Low
1848,Low
1849,Low
1850,Low
1851,Low
1852,Low
1853,Medium
1854,Medium
1855,Low
1856,Medium
1857,Medium
1858,Low
1859,Low
1860,Low
1861,Low
1862,Low
1863,High
1864,Low
1865,Low
1866,Medium
1867,Low
1868,Medium
1869,Medium
1870,Medium
1871,High
1872,Medium
1873,Medium
1874,Low
1875,High
1876,Low
1877,Medium
1878,Low
1879,Low
1880,Medium
1881,Medium
1882,Medium
1883,Medium
1884,Low
1885,Low
1886,Low
1887,Low
1888,High
1889,Medium
1890,Low
1891,Medium
1892,High
1893,Medium
1894,Medium
1895,Medium
1896,Low
1897,Low
1898,Medium
1899,Low
1900,High
1901,High
1902,Medium
1903,Medium
1904,High
1905,Medium
1906,Medium
1907,Medium
1908,Medium
1909,Medium
1910,Medium
1911,Low
1912,High
1913,Low
1914,Medium
1915,Low
1916,Low
1917,Medium
1918,Low
1919,Medium
1920,Medium
1921,Medium
1922,Medium
1923,Low
1924,Low
1925,Medium
1926,Medium
1927,Low
1928,Medium
1929,Low
1930,Low
1931,Medium
1932,Medium
1933,Medium
1934,Low
1935,Medium
1936,Low
1937,Medium
1938,Medium
1939,Medium
1940,Medium
1941,Low
1942,Low
1943,Low
1944,Low
1945,Medium
1946,Low
1947,Medium
1948,High
1949,Medium
1950,Medium
1951,Medium
1952,Low
1953,High
1954,Low
1955,Low
1956,Low
1957,Low
1958,Medium
1959,Medium
1960,Low
1961,Low
1962,Low
1963,Low
1964,Low
1965,High
1966,Low
1967,Low
1968,Low
1969,High
1970,High
1971,Medium
1972,Low
1973,Medium
1974,Low
1975,Medium
1976,Medium
1977,Medium
1978,Low
1979,Low
1980,Low
1981,Medium
1982,Medium
1983,Medium
1984,Low
1985,Medium
1986,Medium
1987,High
1988,Low
1989,Medium
1990,Medium
1991,Medium
1992,Low
1993,Low
1994,Medium
1995,Low
1996,High
1997,Medium
1998,Low
1999,Medium
2000,Medium
2001,Medium
2002,Medium
2003,Low
2004,Medium
2005,Medium
2006,Medium
2007,Medium
2008,Medium
2009,Low
2010,Low
2011,Medium
2012,Medium
2013,Low
2014,Low
2015,Medium
2016,Low
2017,Low
2018,Medium
2019,High
2020,Low
2021,Low
2022,Medium
2023,Medium
2024,High
2025,Low
2026,Medium
2027,Low
2028,Low
2029,High
2030,Medium
2031,Low
2032,Low
2033,Medium
2034,Low
2035,Low
2036,Low
2037,Medium
2038,Low
2039,Medium
2040,Medium
2041,Low
2042,Low
2043,Medium
2044,Medium
2045,Low
2046,Low
2047,Medium
2048,Medium
2049,High
2050,Medium
2051,Low
2052,Medium
2053,Low
2054,Low
2055,Low
2056,Medium
2057,Medium
2058,Medium
2059,Low
2060,Medium
2061,Medium
2062,Low
2063,Low
2064,Medium
2065,Medium
2066,Low
2067,Medium
2068,Low
2069,Medium
2070,Low
2071,Low
2072,Low
2073,Low
2074,Medium
2075,Low
2076,Low
2077,Low
2078,Low
2079,Low
2080,Low
2081,Medium
2082,High
2083,Low
2084,Medium
2085,Low
2086,Medium
2087,Low
2088,Medium
2089,Medium
2090,Low
2091,Medium
2092,Medium
2093,Medium
2094,High
2095,Medium
2096,Medium
2097,Medium
2098,Low
2099,Medium
2100,Low
2101,Low
2102,Medium
2103,Low
2104,Medium
2105,Medium
2106,High
2107,Medium
2108,Low
2109,Medium
2110,Low
2111,Low
2112,Medium
2113,Low
2114,Low
2115,Medium
2116,Medium
2117,Low
2118,High
2119,Medium
2120,Medium
2121,Low
2122,High
2123,High
2124,Medium
2125,Medium
2126,Low
2127,Low
2128,Low
2129,Medium
2130,Medium
2131,Medium
2132,Medium
2133,Low
2134,Low
2135,Low
2136,Medium
2137,Medium
2138,Medium
2139,Low
2140,Low
2141,Medium
2142,Medium
2143,Medium
2144,Medium
2145,Low
2146,Low
2147,Medium
2148,Low
2149,Low
2150,Low
2151,Low
2152,Medium
2153,Medium
2154,Medium
2155,Medium
2156,Low
2157,Medium
2158,Medium
2159,Medium
2160,Medium
2161,Low
2162,Low
2163,Low
2164,Low
2165,Medium
2166,Medium
2167,Medium
2168,Medium
2169,Low
2170,Medium
2171,Low
2172,Medium
2173,Medium
2174,Low
2175,Medium
2176,Low
2177,High
2178,High
2179,Low
2180,Medium
2181,Medium
2182,Low
2183,Low
2184,Medium
2185,Medium
2186,Medium
2187,Low
2188,Low
2189,High
2190,Low
2191,Medium
2192,Medium
2193,Low
2194,High
2195,Low
2196,Low
2197,Low
2198,Medium
2199,Medium
2200,Medium
2201,Medium
2202,Low
2203,Low
2204,Medium
2205,Low
2206,Medium
2207,Low
2208,Low
2209,Low
2210,Medium
2211,Medium
2212,Medium
2213,Medium
2214,Medium
2215,Low
2216,Low
2217,Medium
2218,Low
2219,Medium
2220,Low
2221,Medium
2222,Low
2223,Medium
2224,Low
2225,Medium
2226,Medium
2227,Medium
2228,Medium
2229,Medium
2230,Low
2231,Low
2232,Medium
2233,Low
2234,Low
2235,Low
2236,Low
2237,Low
2238,Medium
2239,Low
2240,Medium
2241,Low
2242,Medium
2243,Low
2244,Low
2245,Medium
2246,Medium
2247,Medium
2248,Medium
2249,Low
2250,Medium
2251,Medium
2252,Low
2253,High
2254,Medium
2255,Medium
2256,Medium
2257,Medium
2258,Low
2259,Medium
2260,High
2261,Medium
2262,Low
2263,Medium
2264,Low
2265,Medium
2266,Medium
2267,Medium
2268,Low
2269,Medium
2270,Low
2271,Medium
2272,High
2273,Medium
2274,Medium
2275,Medium
2276,Low
2277,Low
2278,Low
2279,Low
2280,Medium
2281,High
2282,Low
2283,Medium
2284,Low
2285,Medium
2286,Medium
2287,Low
2288,Medium
2289,Low
2290,Low
2291,Low
2292,Low
2293,Low
2294,Low
2295,Medium
2296,Low
2297,Low
2298,Low
2299,Medium
2300,Medium
2301,Low
2302,Low
2303,Low
2304,Medium
2305,Low
2306,Low
2307,Low
2308,Low
2309,Low
2310,Medium
2311,Medium
2312,Low
2313,Medium
2314,High
2315,Medium
2316,Low
2317,Medium
2318,Medium
2319,Medium
2320,Medium
2321,Low
2322,Low
2323,Low
2324,Medium
2325,Low
2326,Low
2327,Low
2328,Medium
2329,High
2330,Low
2331,Medium
2332,Low
2333,Low
2334,Low
2335,Low
2336,Low
2337,High
2338,Low
2339,Low
2340,Medium
2341,Medium
2342,Medium
2343,Low
2344,Medium
2345,Medium
2346,Low
2347,Low
2348,Medium
2349,Medium
2350,Low
2351,Medium
2352,Medium
2353,Medium
2354,Low
2355,Low
2356,Medium
2357,Medium
2358,Medium
2359,Medium
2360,Medium
2361,Medium
2362,Medium
2363,Medium
2364,Medium
2365,High
2366,Low
2367,High
2368,Low
2369,Low
2370,High
2371,Medium
2372,High
2373,Medium
2374,Low
2375,Low
2376,Low
2377,Low
2378,Low
2379,Medium
2380,Low
2381,Medium
2382,Medium
2383,Low
2384,Low
2385,Low
2386,Low
2387,Low
2388,Medium
2389,Low
2390,Medium
2391,Low
2392,Low
2393,Medium
2394,Medium
2395,Medium
2396,Low
2397,Low
2398,Medium
2399,Medium
2400,Medium
2401,Medium
2402,High
2403,Low
2404,Medium
2405,Low
2406,Low
2407,Low
2408,Low
2409,Medium
2410,Medium
2411,Medium
2412,Medium
2413,Medium
2414,Low
2415,Low
2416,Medium
2417,Medium
2418,Medium
2419,Medium
2420,Low
2421,Low
2422,Low
2423,Low
2424,Medium
2425,Medium
2426,Medium
2427,High
2428,Low
2429,Low
2430,Low
2431,High
2432,Low
2433,Low
2434,Medium
2435,Medium
2436,Low
2437,Medium
2438,Low
2439,Low
2440,Medium
2441,Medium
2442,Low
2443,Low
2444,High
2445,Low
2446,Medium
2447,Low
2448,Medium
2449,High
2450,Low
2451,Medium
2452,Medium
2453,Low
2454,Low
2455,Medium
2456,Medium
2457,Medium
2458,Low
2459,Low
2460,Medium
2461,Low
2462,Low
2463,Medium
2464,Low
2465,Medium
2466,Medium
2467,Medium
2468,Low
2469,Medium
2470,Medium
2471,Low
2472,Low
2473,Low
2474,High
2475,Medium
2476,Medium
2477,Medium
2478,Medium
2479,Low
2480,Medium
2481,Low
2482,Medium
2483,Medium
2484,Medium
2485,Low
2486,Medium
2487,Low
2488,Low
2489,Low
2490,Medium
2491,Low
2492,Low
2493,Low
2494,Medium
2495,Low
2496,Medium
2497,Medium
2498,Low
2499,Medium
2500,Medium
2501,Medium
2502,Low
2503,Medium
2504,Medium
2505,Low
2506,High
2507,Low
2508,Medium
2509,Low
2510,Medium
2511,Medium
2512,Low
2513,Medium
2514,Low
2515,Low
2516,High
2517,Low
2518,Low
2519,Low
2520,Low
2521,Low
2522,Low
2523,Low
2524,Low
2525,Medium
2526,Medium
2527,Low
2528,Medium
2529,Low
2530,Low
2531,Low
2532,Low
2533,Medium
2534,Medium
2535,Low
2536,Low
2537,Low
2538,Medium
2539,Low
2540,Medium
2541,Low
2542,Low
2543,Low
2544,Medium
2545,Low
2546,Low
